PRAGMA foreign_keys=OFF;
BEGIN TRANSACTION;
CREATE TABLE IF NOT EXISTS "Project" (
	id INTEGER NOT NULL,
	name TEXT NOT NULL,
	date_created DATETIME NOT NULL,
	PRIMARY KEY (id)
);
INSERT INTO Project VALUES(1,'Online Store','2022-03-24 14:43:26.041732');
INSERT INTO Project VALUES(2,'Bench','2022-03-24 14:54:01.530115');
CREATE TABLE IF NOT EXISTS "TestProcedure" (
	id INTEGER NOT NULL,
	project_id INTEGER,
	name TEXT NOT NULL,
	date_created DATETIME NOT NULL,
	approval BOOLEAN NOT NULL,
	notes TEXT,
	"approvalNotes" TEXT,
	PRIMARY KEY (id),
	FOREIGN KEY(project_id) REFERENCES "Project" (id)
);
INSERT INTO TestProcedure VALUES(1,NULL,'proc1','2022-03-23 19:28:58.704091',1,'hey','approved');
INSERT INTO TestProcedure VALUES(2,1,'Login','2022-03-24 14:45:18.065906',1,'Ensure the login process is secure and seamless','');
INSERT INTO TestProcedure VALUES(3,1,'Registration','2022-03-24 14:45:52.681454',1,'Ensure users can register for new accounts with no problems','');
INSERT INTO TestProcedure VALUES(4,1,'Test Payment Processing','2022-03-24 15:00:08.684178',0,'','We use a third party payment processor');
INSERT INTO TestProcedure VALUES(5,2,'test1','2022-03-24 15:01:15.572903',1,'','');
INSERT INTO TestProcedure VALUES(6,2,'test2','2022-03-24 15:04:50.824019',1,NULL,NULL);
INSERT INTO TestProcedure VALUES(7,2,'test3','2022-03-24 15:04:50.845722',1,NULL,NULL);
INSERT INTO TestProcedure VALUES(8,2,'test4','2022-03-24 15:04:50.864772',1,NULL,NULL);
INSERT INTO TestProcedure VALUES(9,2,'test5','2022-03-24 15:04:50.890911',1,NULL,NULL);
INSERT INTO TestProcedure VALUES(10,2,'test6','2022-03-24 15:04:50.912404',1,NULL,NULL);
INSERT INTO TestProcedure VALUES(11,2,'test7','2022-03-24 15:04:50.935216',1,NULL,NULL);
INSERT INTO TestProcedure VALUES(12,2,'test8','2022-03-24 15:04:50.955988',1,NULL,NULL);
INSERT INTO TestProcedure VALUES(13,2,'test9','2022-03-24 15:04:50.974332',1,NULL,NULL);
INSERT INTO TestProcedure VALUES(14,2,'test10','2022-03-24 15:04:50.994559',1,NULL,NULL);
INSERT INTO TestProcedure VALUES(15,2,'test11','2022-03-24 15:04:51.017335',1,NULL,NULL);
INSERT INTO TestProcedure VALUES(16,2,'test12','2022-03-24 15:04:51.034830',1,NULL,NULL);
INSERT INTO TestProcedure VALUES(17,2,'test13','2022-03-24 15:04:51.052410',1,NULL,NULL);
INSERT INTO TestProcedure VALUES(18,2,'test14','2022-03-24 15:04:51.072232',1,NULL,NULL);
INSERT INTO TestProcedure VALUES(19,2,'test15','2022-03-24 15:04:51.090204',1,NULL,NULL);
INSERT INTO TestProcedure VALUES(20,2,'test16','2022-03-24 15:04:51.108349',1,NULL,NULL);
INSERT INTO TestProcedure VALUES(21,2,'test17','2022-03-24 15:04:51.127574',1,NULL,NULL);
INSERT INTO TestProcedure VALUES(22,2,'test18','2022-03-24 15:04:51.153883',1,NULL,NULL);
INSERT INTO TestProcedure VALUES(23,2,'test19','2022-03-24 15:04:51.174568',1,NULL,NULL);
INSERT INTO TestProcedure VALUES(24,2,'test20','2022-03-24 15:04:51.202974',1,NULL,NULL);
INSERT INTO TestProcedure VALUES(25,2,'test21','2022-03-24 15:04:51.223226',1,NULL,NULL);
INSERT INTO TestProcedure VALUES(26,2,'test22','2022-03-24 15:04:51.245247',1,NULL,NULL);
INSERT INTO TestProcedure VALUES(27,2,'test23','2022-03-24 15:04:51.266869',1,NULL,NULL);
INSERT INTO TestProcedure VALUES(28,2,'test24','2022-03-24 15:04:51.289677',1,NULL,NULL);
INSERT INTO TestProcedure VALUES(29,2,'test25','2022-03-24 15:04:51.311977',1,NULL,NULL);
INSERT INTO TestProcedure VALUES(30,2,'test26','2022-03-24 15:04:51.353784',1,NULL,NULL);
INSERT INTO TestProcedure VALUES(31,2,'test27','2022-03-24 15:04:51.382435',1,NULL,NULL);
INSERT INTO TestProcedure VALUES(32,2,'test28','2022-03-24 15:04:51.404215',1,NULL,NULL);
INSERT INTO TestProcedure VALUES(33,2,'test29','2022-03-24 15:04:51.426290',1,NULL,NULL);
INSERT INTO TestProcedure VALUES(34,2,'test30','2022-03-24 15:04:51.447014',1,NULL,NULL);
INSERT INTO TestProcedure VALUES(35,2,'test31','2022-03-24 15:04:51.465352',1,NULL,NULL);
INSERT INTO TestProcedure VALUES(36,2,'test32','2022-03-24 15:04:51.483342',1,NULL,NULL);
INSERT INTO TestProcedure VALUES(37,2,'test33','2022-03-24 15:04:51.502677',1,NULL,NULL);
INSERT INTO TestProcedure VALUES(38,2,'test34','2022-03-24 15:04:51.519871',1,NULL,NULL);
INSERT INTO TestProcedure VALUES(39,2,'test35','2022-03-24 15:04:51.537848',1,NULL,NULL);
INSERT INTO TestProcedure VALUES(40,2,'test36','2022-03-24 15:04:51.555388',1,NULL,NULL);
INSERT INTO TestProcedure VALUES(41,2,'test37','2022-03-24 15:04:51.572648',1,NULL,NULL);
INSERT INTO TestProcedure VALUES(42,2,'test38','2022-03-24 15:04:51.593933',1,NULL,NULL);
INSERT INTO TestProcedure VALUES(43,2,'test39','2022-03-24 15:04:51.613409',1,NULL,NULL);
INSERT INTO TestProcedure VALUES(44,2,'test40','2022-03-24 15:04:51.632018',1,NULL,NULL);
INSERT INTO TestProcedure VALUES(45,2,'test41','2022-03-24 15:04:51.649235',1,NULL,NULL);
INSERT INTO TestProcedure VALUES(46,2,'test42','2022-03-24 15:04:51.668582',1,NULL,NULL);
INSERT INTO TestProcedure VALUES(47,2,'test43','2022-03-24 15:04:51.686122',1,NULL,NULL);
INSERT INTO TestProcedure VALUES(48,2,'test44','2022-03-24 15:04:51.704530',1,NULL,NULL);
INSERT INTO TestProcedure VALUES(49,2,'test45','2022-03-24 15:04:51.722267',1,NULL,NULL);
INSERT INTO TestProcedure VALUES(50,2,'test46','2022-03-24 15:04:51.739294',1,NULL,NULL);
INSERT INTO TestProcedure VALUES(51,2,'test47','2022-03-24 15:04:51.757544',1,NULL,NULL);
INSERT INTO TestProcedure VALUES(52,2,'test48','2022-03-24 15:04:51.775087',1,NULL,NULL);
INSERT INTO TestProcedure VALUES(53,2,'test49','2022-03-24 15:04:51.794340',1,NULL,NULL);
INSERT INTO TestProcedure VALUES(54,2,'test50','2022-03-24 15:04:51.812256',1,NULL,NULL);
INSERT INTO TestProcedure VALUES(55,2,'test51','2022-03-24 15:04:51.833195',1,NULL,NULL);
INSERT INTO TestProcedure VALUES(56,2,'test52','2022-03-24 15:04:51.854342',1,NULL,NULL);
INSERT INTO TestProcedure VALUES(57,2,'test53','2022-03-24 15:04:51.874867',1,NULL,NULL);
INSERT INTO TestProcedure VALUES(58,2,'test54','2022-03-24 15:04:51.893715',1,NULL,NULL);
INSERT INTO TestProcedure VALUES(59,2,'test55','2022-03-24 15:04:51.914544',1,NULL,NULL);
INSERT INTO TestProcedure VALUES(60,2,'test56','2022-03-24 15:04:51.939618',1,NULL,NULL);
INSERT INTO TestProcedure VALUES(61,2,'test57','2022-03-24 15:04:51.959417',1,NULL,NULL);
INSERT INTO TestProcedure VALUES(62,2,'test58','2022-03-24 15:04:51.981327',1,NULL,NULL);
INSERT INTO TestProcedure VALUES(63,2,'test59','2022-03-24 15:04:52.004324',1,NULL,NULL);
INSERT INTO TestProcedure VALUES(64,2,'test60','2022-03-24 15:04:52.022713',1,NULL,NULL);
INSERT INTO TestProcedure VALUES(65,2,'test61','2022-03-24 15:04:52.041399',1,NULL,NULL);
INSERT INTO TestProcedure VALUES(66,2,'test62','2022-03-24 15:04:52.068569',1,NULL,NULL);
INSERT INTO TestProcedure VALUES(67,2,'test63','2022-03-24 15:04:52.102086',1,NULL,NULL);
INSERT INTO TestProcedure VALUES(68,2,'test64','2022-03-24 15:04:52.121188',1,NULL,NULL);
INSERT INTO TestProcedure VALUES(69,2,'test65','2022-03-24 15:04:52.139848',1,NULL,NULL);
INSERT INTO TestProcedure VALUES(70,2,'test66','2022-03-24 15:04:52.156821',1,NULL,NULL);
INSERT INTO TestProcedure VALUES(71,2,'test67','2022-03-24 15:04:52.175348',1,NULL,NULL);
INSERT INTO TestProcedure VALUES(72,2,'test68','2022-03-24 15:04:52.193676',1,NULL,NULL);
INSERT INTO TestProcedure VALUES(73,2,'test69','2022-03-24 15:04:52.215636',1,NULL,NULL);
INSERT INTO TestProcedure VALUES(74,2,'test70','2022-03-24 15:04:52.236926',1,NULL,NULL);
INSERT INTO TestProcedure VALUES(75,2,'test71','2022-03-24 15:04:52.256051',1,NULL,NULL);
INSERT INTO TestProcedure VALUES(76,2,'test72','2022-03-24 15:04:52.275676',1,NULL,NULL);
INSERT INTO TestProcedure VALUES(77,2,'test73','2022-03-24 15:04:52.295881',1,NULL,NULL);
INSERT INTO TestProcedure VALUES(78,2,'test74','2022-03-24 15:04:52.316280',1,NULL,NULL);
INSERT INTO TestProcedure VALUES(79,2,'test75','2022-03-24 15:04:52.337542',1,NULL,NULL);
INSERT INTO TestProcedure VALUES(80,2,'test76','2022-03-24 15:04:52.357892',1,NULL,NULL);
INSERT INTO TestProcedure VALUES(81,2,'test77','2022-03-24 15:04:52.375502',1,NULL,NULL);
INSERT INTO TestProcedure VALUES(82,2,'test78','2022-03-24 15:04:52.396668',1,NULL,NULL);
INSERT INTO TestProcedure VALUES(83,2,'test79','2022-03-24 15:04:52.418183',1,NULL,NULL);
INSERT INTO TestProcedure VALUES(84,2,'test80','2022-03-24 15:04:52.437345',1,NULL,NULL);
INSERT INTO TestProcedure VALUES(85,2,'test81','2022-03-24 15:04:52.456886',1,NULL,NULL);
INSERT INTO TestProcedure VALUES(86,2,'test82','2022-03-24 15:04:52.482701',1,NULL,NULL);
INSERT INTO TestProcedure VALUES(87,2,'test83','2022-03-24 15:04:52.500717',1,NULL,NULL);
INSERT INTO TestProcedure VALUES(88,2,'test84','2022-03-24 15:04:52.521139',1,NULL,NULL);
INSERT INTO TestProcedure VALUES(89,2,'test85','2022-03-24 15:04:52.545727',1,NULL,NULL);
INSERT INTO TestProcedure VALUES(90,2,'test86','2022-03-24 15:04:52.564957',1,NULL,NULL);
INSERT INTO TestProcedure VALUES(91,2,'test87','2022-03-24 15:04:52.584595',1,NULL,NULL);
INSERT INTO TestProcedure VALUES(92,2,'test88','2022-03-24 15:04:52.602157',1,NULL,NULL);
INSERT INTO TestProcedure VALUES(93,2,'test89','2022-03-24 15:04:52.624063',1,NULL,NULL);
INSERT INTO TestProcedure VALUES(94,2,'test90','2022-03-24 15:04:52.644339',1,NULL,NULL);
INSERT INTO TestProcedure VALUES(95,2,'test91','2022-03-24 15:04:52.664993',1,NULL,NULL);
INSERT INTO TestProcedure VALUES(96,2,'test92','2022-03-24 15:04:52.683860',1,NULL,NULL);
INSERT INTO TestProcedure VALUES(97,2,'test93','2022-03-24 15:04:52.701703',1,NULL,NULL);
INSERT INTO TestProcedure VALUES(98,2,'test94','2022-03-24 15:04:52.719279',1,NULL,NULL);
INSERT INTO TestProcedure VALUES(99,2,'test95','2022-03-24 15:04:52.736356',1,NULL,NULL);
INSERT INTO TestProcedure VALUES(100,2,'test96','2022-03-24 15:04:52.754049',1,NULL,NULL);
INSERT INTO TestProcedure VALUES(101,2,'test97','2022-03-24 15:04:52.771992',1,NULL,NULL);
INSERT INTO TestProcedure VALUES(102,2,'test98','2022-03-24 15:04:52.789052',1,NULL,NULL);
INSERT INTO TestProcedure VALUES(103,2,'test99','2022-03-24 15:04:52.805731',1,NULL,NULL);
CREATE TABLE IF NOT EXISTS "Version" (
	id INTEGER NOT NULL,
	name TEXT NOT NULL,
	project_id INTEGER,
	PRIMARY KEY (id),
	FOREIGN KEY(project_id) REFERENCES "Project" (id)
);
INSERT INTO Version VALUES(1,'1.42',NULL);
INSERT INTO Version VALUES(2,'1.2.3.4',NULL);
INSERT INTO Version VALUES(3,'asd',NULL);
INSERT INTO Version VALUES(4,'1.4.3',NULL);
INSERT INTO Version VALUES(5,'1.3.2',NULL);
INSERT INTO Version VALUES(6,'0.1',1);
INSERT INTO Version VALUES(7,'n/a',2);
INSERT INTO Version VALUES(8,'0.2',1);
CREATE TABLE IF NOT EXISTS "TestStep" (
	id INTEGER NOT NULL,
	name TEXT NOT NULL,
	instructions TEXT NOT NULL,
	pass_condition TEXT NOT NULL,
	is_setup_step BOOLEAN NOT NULL,
	procedure_id INTEGER,
	PRIMARY KEY (id),
	FOREIGN KEY(procedure_id) REFERENCES "TestProcedure" (id)
);
INSERT INTO TestStep VALUES(1,'asd','asd','asd',1,1);
INSERT INTO TestStep VALUES(2,'Setup Process','Open a web browser and navigate to the website home page','The website loads and the UI looks as expected',1,2);
INSERT INTO TestStep VALUES(3,'Accept Valid Credentials','Login using valid credentials.','The site accepts the login and redirects you to the homepage.',0,2);
INSERT INTO TestStep VALUES(4,'Reject Invalid Credentials','Input invalid credentials and click login','The website rejects the credentials and displays an error message',0,2);
INSERT INTO TestStep VALUES(5,'Profile','Login with valid credentials and navigate to your profile page.','Ensure your profile page loads correctly and displays relevant information',0,2);
INSERT INTO TestStep VALUES(6,'Forgot Password','Logout. Attempt to login again but click the "forgot password" link and follow the instructions.','You were able to successfully change your password through the email sent to you.',0,2);
INSERT INTO TestStep VALUES(7,'Accepts Valid Credentials','Attempt to register with valid credentials. Then attempt to login with said credentials.','The site should accept registration and login',0,3);
INSERT INTO TestStep VALUES(8,'Reject Duplicate Email','Attempt to register using the same email you used in the previous step','The site rejects the registration and displays an error message.',0,3);
CREATE TABLE IF NOT EXISTS "TestRun" (
	id INTEGER NOT NULL,
	timestamp DATETIME NOT NULL,
	version_id INTEGER,
	step_id INTEGER,
	passing BOOLEAN NOT NULL,
	notes TEXT,
	PRIMARY KEY (id),
	FOREIGN KEY(version_id) REFERENCES "Version" (id),
	FOREIGN KEY(step_id) REFERENCES "TestStep" (id)
);
INSERT INTO TestRun VALUES(1,'2022-03-23 22:02:58.934873',4,1,1,NULL);
INSERT INTO TestRun VALUES(2,'2022-03-23 22:03:42.553505',1,1,0,NULL);
INSERT INTO TestRun VALUES(3,'2022-03-24 19:36:43.970538',6,2,1,NULL);
INSERT INTO TestRun VALUES(4,'2022-03-24 19:36:43.973035',6,3,1,NULL);
INSERT INTO TestRun VALUES(5,'2022-03-24 19:36:43.974111',6,4,1,NULL);
INSERT INTO TestRun VALUES(6,'2022-03-24 19:36:43.975725',6,5,0,NULL);
INSERT INTO TestRun VALUES(7,'2022-03-24 19:36:43.977146',6,6,1,NULL);
INSERT INTO TestRun VALUES(8,'2022-03-24 19:37:21.086573',8,2,1,NULL);
INSERT INTO TestRun VALUES(9,'2022-03-24 19:37:21.088278',8,3,1,NULL);
INSERT INTO TestRun VALUES(10,'2022-03-24 19:37:21.088906',8,4,1,NULL);
INSERT INTO TestRun VALUES(11,'2022-03-24 19:37:21.089365',8,5,1,NULL);
INSERT INTO TestRun VALUES(12,'2022-03-24 19:37:21.089673',8,6,0,NULL);
COMMIT;
